0,sample
1,0
10,1
3,2
9,3
6,4
11,5
2,6
4,7
12,8
8,9
5,10
9,11
1,12
11,13
6,14
10,15
2,16
7,17
4,18
12,19
3,20
8,21
5,22
9,23
5,24
10,25
6,26
7,27
3,28
8,29
4,30
1,31
11,32
2,33
10,34
11,35
4,36
8,37
2,38
9,39
3,40
12,41
6,42
1,43
7,44
7,45
3,46
12,47
5,48
10,49
4,50
8,51
6,52
9,53
2,54
11,55
1,56
2,57
9,58
5,59
4,60
10,61
11,62
6,63
8,64
1,65
12,66
8,67
3,68
1,69
10,70
2,71
11,72
4,73
12,74
5,75
7,76
3,77
9,78
6,79
7,80
6,81
12,82
5,83
9,84
4,85
10,86
1,87
11,88
3,89
8,90
2,91
12,92
2,93
7,94
4,95
8,96
3,97
5,98
1,99
9,100
6,101
8,102
1,103
9,104
6,105
10,106
2,107
3,108
11,109
5,110
7,111
12,112
4,113
2,114
3,115
10,116
5,117
7,118
6,119
9,120
1,121
11,122
4,123
9,124
3,125
4,126
10,127
12,128
2,129
11,130
5,131
7,132
6,133
8,134
1,135
9,136
3,137
12,138
2,139
7,140
4,141
10,142
5,143
8,144
1,145
11,146
6,147
12,148
6,149
7,150
1,151
8,152
2,153
10,154
5,155
9,156
4,157
3,158
7,159
10,160
6,161
5,162
9,163
1,164
11,165
2,166
12,167
4,168
8,169
3,170
8,171
1,172
12,173
6,174
10,175
2,176
11,177
9,178
5,179
3,180
7,181
5,182
11,183
3,184
10,185
6,186
9,187
4,188
8,189
2,190
12,191
1,192
10,193
4,194
7,195
1,196
9,197
5,198
8,199
6,200
11,201
3,202
12,203
2,204
11,205
3,206
12,207
2,208
6,209
9,210
4,211
8,212
5,213
10,214
1,215
7,216
6,217
12,218
1,219
8,220
4,221
10,222
3,223
11,224
2,225
9,226
5,227
7,228
4,229
12,230
5,231
8,232
6,233
11,234
2,235
9,236
1,237
10,238
3,239
12,240
3,241
8,242
2,243
7,244
1,245
9,246
6,247
11,248
4,249
10,250
5,251
10,252
6,253
8,254
2,255
9,256
3,257
11,258
4,259
7,260
12,261
5,262
1,263
10,264
7,265
2,266
11,267
3,268
12,269
6,270
9,271
1,272
8,273
4,274
8,275
6,276
9,277
1,278
11,279
2,280
12,281
4,282
10,283
5,284
7,285
3,286
9,287
6,288
8,289
1,290
7,291
4,292
10,293
3,294
12,295
2,296
11,297
5,298
10,299
5,300
12,301
1,302
11,303
3,304
9,305
6,306
8,307
2,308
7,309
4,310
10,311
4,312
12,313
1,314
9,315
5,316
11,317
3,318
8,319
2,320
7,321
6,322
9,323
8,324
5,325
2,326
12,327
1,328
11,329
3,330
7,331
10,332
6,333
10,334
1,335
11,336
5,337
9,338
6,339
7,340
2,341
8,342
3,343
12,344
4,345
1,346
7,347
10,348
8,349
3,350
9,351
12,352
2,353
4,354
7,355
1,356
10,357
5,358
11,359
6,360
8,361
4,362
12,363
2,364
9,365
3,366
10,367
5,368
7,369
2,370
11,371
1,372
9,373
4,374
12,375
6,376
8,377
3,378
11,379
1,380
10,381
3,382
7,383
4,384
9,385
2,386
8,387
6,388
12,389
5,390
7,391
2,392
12,393
5,394
11,395
3,396
8,397
1,398
4,399
9,400
6,401
7,402
6,403
11,404
1,405
12,406
5,407
8,408
4,409
10,410
2,411
3,412
12,413
11,414
1,415
8,416
3,417
7,418
5,419
9,420
2,421
10,422
6,423
11,424
2,425
12,426
1,427
9,428
3,429
10,430
5,431
7,432
6,433
8,434
4,435
7,436
4,437
3,438
12,439
5,440
11,441
2,442
10,443
6,444
9,445
1,446
8,447
3,448
12,449
6,450
11,451
4,452
10,453
1,454
9,455
5,456
7,457
2,458
10,459
9,460
3,461
7,462
6,463
11,464
4,465
12,466
5,467
8,468
1,469
4,470
12,471
6,472
8,473
3,474
11,475
1,476
7,477
5,478
10,479
2,480
7,481
4,482
12,483
1,484
8,485
5,486
10,487
2,488
11,489
3,490
9,491
6,492
12,493
9,494
1,495
7,496
3,497
10,498
4,499
8,500
5,501
11,502
2,503
11,504
5,505
7,506
2,507
10,508
3,509
8,510
6,511
9,512
1,513
12,514
4,515
7,516
6,517
9,518
3,519
8,520
5,521
10,522
4,523
12,524
2,525
11,526
9,527
1,528
4,529
10,530
5,531
8,532
6,533
7,534
2,535
12,536
1,537
11,538
3,539
12,540
5,541
10,542
1,543
11,544
2,545
7,546
6,547
9,548
4,549
8,550
3,551
12,552
1,553
11,554
6,555
8,556
4,557
9,558
5,559
7,560
3,561
10,562
2,563
10,564
8,565
1,566
9,567
4,568
7,569
6,570
11,571
2,572
12,573
5,574
1,575
7,576
11,577
5,578
9,579
2,580
8,581
3,582
10,583
4,584
12,585
6,586
11,587
3,588
12,589
6,590
8,591
4,592
7,593
5,594
10,595
1,596
9,597
2,598
11,599
3,600
7,601
2,602
9,603
1,604
12,605
6,606
10,607
4,608
8,609
5,610
3,611
7,612
1,613
8,614
2,615
9,616
5,617
10,618
6,619
12,620
4,621
9,622
3,623
10,624
2,625
7,626
4,627
12,628
1,629
11,630
6,631
8,632
5,633
7,634
4,635
11,636
5,637
10,638
6,639
1,640
12,641
8,642
3,643
9,644
2,645
12,646
2,647
8,648
6,649
9,650
1,651
11,652
3,653
10,654
4,655
7,656
5,657
10,658
2,659
9,660
12,661
1,662
6,663
7,664
4,665
8,666
3,667
11,668
5,669
9,670
6,671
2,672
12,673
1,674
5,675
10,676
11,677
8,678
4,679
8,680
5,681
12,682
6,683
10,684
1,685
9,686
2,687
7,688
3,689
11,690
4,691
6,692
8,693
2,694
7,695
5,696
12,697
3,698
11,699
4,700
1,701
10,702
5,703
7,704
6,705
9,706
1,707
12,708
3,709
11,710
4,711
8,712
2,713
9,714
3,715
11,716
6,717
7,718
1,719
8,720
4,721
2,722
12,723
5,724
7,725
6,726
10,727
2,728
4,729
9,730
5,731
8,732
1,733
12,734
3,735
11,736
3,737
12,738
5,739
7,740
2,741
8,742
4,743
9,744
6,745
10,746
1,747
7,748
4,749
8,750
3,751
11,752
6,753
12,754
5,755
10,756
2,757
1,758
4,759
8,760
2,761
11,762
3,763
9,764
5,765
10,766
6,767
7,768
1,769
10,770
4,771
9,772
2,773
11,774
6,775
7,776
5,777
12,778
1,779
8,780
3,781
12,782
6,783
7,784
3,785
9,786
2,787
11,788
5,789
8,790
1,791
4,792
10,793
5,794
8,795
4,796
7,797
3,798
11,799
6,800
12,801
2,802
9,803
1,804
12,805
2,806
7,807
8,808
4,809
3,810
5,811
10,812
9,813
6,814
7,815
5,816
9,817
6,818
10,819
3,820
8,821
1,822
12,823
2,824
11,825
4,826
12,827
2,828
11,829
6,830
8,831
10,832
3,833
9,834
5,835
7,836
1,837
10,838
3,839
9,840
1,841
12,842
4,843
11,844
6,845
7,846
5,847
8,848
2,849
9,850
1,851
8,852
2,853
12,854
6,855
11,856
4,857
7,858
3,859
10,860
5,861
8,862
1,863
7,864
3,865
11,866
4,867
9,868
5,869
12,870
6,871
10,872
2,873
7,874
6,875
10,876
1,877
9,878
5,879
12,880
2,881
11,882
4,883
8,884
3,885
8,886
2,887
11,888
3,889
9,890
6,891
12,892
4,893
10,894
1,895
7,896
5,897
11,898
1,899
9,900
4,901
10,902
6,903
8,904
12,905
7,906
2,907
5,908
12,909
6,910
11,911
2,912
8,913
3,914
7,915
4,916
10,917
5,918
9,919
1,920
10,921
4,922
8,923
5,924
11,925
3,926
7,927
6,928
9,929
2,930
12,931
1,932
9,933
3,934
10,935
1,936
11,937
5,938
7,939
6,940
12,941
4,942
8,943
2,944
12,945
5,946
9,947
1,948
7,949
6,950
8,951
2,952
10,953
3,954
11,955
4,956
6,957
10,958
3,959
12,960
1,961
9,962
5,963
11,964
2,965
7,966
4,967
9,968
5,969
7,970
4,971
8,972
6,973
12,974
1,975
11,976
2,977
10,978
3,979
12,980
1,981
9,982
2,983
4,984
10,985
3,986
8,987
6,988
11,989
5,990
9,991
5,992
11,993
3,994
7,995
4,996
12,997
8,998
2,999
6,1000
10,1001
1,1002
7,1003
3,1004
11,1005
6,1006
8,1007
2,1008
12,1009
1,1010
10,1011
5,1012
9,1013
4,1014
10,1015
6,1016
9,1017
3,1018
8,1019
2,1020
7,1021
1,1022
12,1023
4,1024
11,1025
5,1026
10,1027
3,1028
11,1029
2,1030
12,1031
4,1032
9,1033
5,1034
7,1035
1,1036
8,1037
6,1038
8,1039
2,1040
11,1041
3,1042
10,1043
1,1044
7,1045
4,1046
6,1047
12,1048
5,1049
11,1050
1,1051
12,1052
9,1053
2,1054
8,1055
5,1056
10,1057
3,1058
7,1059
6,1060
10,1061
4,1062
11,1063
3,1064
8,1065
6,1066
7,1067
5,1068
9,1069
2,1070
12,1071
1,1072
9,1073
2,1074
10,1075
8,1076
7,1077
11,1078
1,1079
12,1080
3,1081
11,1082
6,1083
12,1084
2,1085
10,1086
5,1087
7,1088
3,1089
8,1090
1,1091
9,1092
4,1093
7,1094
3,1095
10,1096
4,1097
11,1098
12,1099
1,1100
8,1101
2,1102
9,1103
6,1104
10,1105
2,1106
8,1107
4,1108
1,1109
12,1110
9,1111
7,1112
11,1113
3,1114
9,1115
3,1116
7,1117
5,1118
10,1119
4,1120
2,1121
11,1122
8,1123
1,1124
12,1125
6,1126
12,1127
5,1128
10,1129
3,1130
7,1131
4,1132
9,1133
1,1134
11,1135
6,1136
8,1137
2,1138
8,1139
3,1140
10,1141
5,1142
11,1143
6,1144
12,1145
4,1146
7,1147
2,1148
9,1149
1,1150
9,1151
4,1152
12,1153
2,1154
10,1155
5,1156
8,1157
1,1158
11,1159
6,1160
7,1161
3,1162
8,1163
2,1164
10,1165
3,1166
12,1167
5,1168
9,1169
1,1170
11,1171
6,1172
7,1173
4,1174
9,1175
4,1176
7,1177
2,1178
1,1179
10,1180
6,1181
8,1182
3,1183
11,1184
5,1185
10,1186
4,1187
3,1188
8,1189
5,1190
12,1191
2,1192
11,1193
6,1194
7,1195
1,1196
12,1197
2,1198
8,1199
4,1200
7,1201
5,1202
10,1203
3,1204
11,1205
6,1206
9,1207
1,1208
11,1209
2,1210
8,1211
5,1212
9,1213
3,1214
10,1215
6,1216
7,1217
4,1218
12,1219
1,1220
12,1221
4,1222
9,1223
11,1224
7,1225
6,1226
10,1227
1,1228
8,1229
3,1230
7,1231
2,1232
12,1233
6,1234
10,1235
5,1236
4,1237
11,1238
3,1239
9,1240
1,1241
7,1242
6,1243
11,1244
2,1245
9,1246
3,1247
10,1248
5,1249
12,1250
1,1251
8,1252
4,1253
9,1254
5,1255
12,1256
3,1257
11,1258
1,1259
4,1260
10,1261
8,1262
2,1263
7,1264
6,1265
9,1266
5,1267
12,1268
6,1269
7,1270
1,1271
8,1272
2,1273
3,1274
10,1275
4,1276
10,1277
2,1278
8,1279
3,1280
12,1281
6,1282
9,1283
5,1284
7,1285
4,1286
1,1287
11,1288
5,1289
12,1290
4,1291
6,1292
9,1293
3,1294
7,1295
2,1296
8,1297
1,1298
11,1299
4,1300
9,1301
5,1302
7,1303
6,1304
8,1305
2,1306
12,1307
3,1308
10,1309
1,1310
3,1311
8,1312
4,1313
12,1314
5,1315
10,1316
2,1317
11,1318
1,1319
9,1320
6,1321
9,1322
4,1323
8,1324
6,1325
10,1326
5,1327
11,1328
2,1329
7,1330
3,1331
12,1332
1,1333
7,1334
3,1335
5,1336
11,1337
6,1338
10,1339
4,1340
8,1341
1,1342
9,1343
2,1344
7,1345
1,1346
11,1347
6,1348
9,1349
2,1350
12,1351
3,1352
8,1353
5,1354
10,1355
4,1356
8,1357
2,1358
12,1359
5,1360
9,1361
1,1362
11,1363
6,1364
10,1365
4,1366
7,1367
3,1368
10,1369
2,1370
11,1371
6,1372
9,1373
3,1374
12,1375
4,1376
8,1377
1,1378
7,1379
5,1380
12,1381
5,1382
10,1383
3,1384
9,1385
1,1386
7,1387
6,1388
11,1389
4,1390
8,1391
2,1392
7,1393
3,1394
12,1395
6,1396
8,1397
5,1398
10,1399
2,1400
9,1401
4,1402
11,1403
1,1404
10,1405
5,1406
12,1407
2,1408
7,1409
1,1410
9,1411
3,1412
8,1413
4,1414
11,1415
6,1416
10,1417
6,1418
8,1419
5,1420
1,1421
9,1422
2,1423
11,1424
4,1425
12,1426
3,1427
11,1428
4,1429
9,1430
6,1431
7,1432
1,1433
12,1434
3,1435
10,1436
2,1437
8,1438
5,1439
8,1440
3,1441
10,1442
2,1443
5,1444
12,1445
6,1446
7,1447
1,1448
11,1449
4,1450
7,1451
12,1452
2,1453
11,1454
5,1455
8,1456
3,1457
10,1458
4,1459
9,1460
6,1461
7,1462
2,1463
12,1464
6,1465
8,1466
4,1467
10,1468
5,1469
11,1470
1,1471
9,1472
3,1473
7,1474
2,1475
9,1476
3,1477
12,1478
1,1479
8,1480
5,1481
11,1482
6,1483
10,1484
11,1485
4,1486
2,1487
8,1488
1,1489
9,1490
5,1491
12,1492
3,1493
10,1494
4,1495
7,1496
6,1497
7,1498
5,1499
11,1500
4,1501
10,1502
1,1503
9,1504
3,1505
2,1506
12,1507
6,1508
11,1509
3,1510
12,1511
6,1512
10,1513
1,1514
7,1515
2,1516
8,1517
5,1518
9,1519
4,1520
8,1521
4,1522
7,1523
6,1524
12,1525
2,1526
11,1527
3,1528
9,1529
5,1530
10,1531
1,1532
7,1533
5,1534
8,1535
1,1536
12,1537
10,1538
9,1539
3,1540
6,1541
11,1542
2,1543
12,1544
4,1545
7,1546
6,1547
11,1548
2,1549
10,1550
3,1551
8,1552
5,1553
9,1554
1,1555
11,1556
3,1557
9,1558
6,1559
10,1560
1,1561
7,1562
4,1563
12,1564
2,1565
8,1566
5,1567
7,1568
4,1569
11,1570
2,1571
12,1572
8,1573
1,1574
10,1575
5,1576
9,1577
3,1578
9,1579
5,1580
8,1581
6,1582
10,1583
4,1584
11,1585
2,1586
7,1587
1,1588
12,1589
3,1590
8,1591
3,1592
11,1593
1,1594
7,1595
2,1596
10,1597
6,1598
9,1599
4,1600
12,1601
5,1602
7,1603
3,1604
9,1605
2,1606
11,1607
5,1608
10,1609
1,1610
8,1611
4,1612
12,1613
6,1614
10,1615
3,1616
12,1617
5,1618
9,1619
7,1620
2,1621
4,1622
8,1623
6,1624
11,1625
1,1626
11,1627
1,1628
7,1629
2,1630
10,1631
4,1632
12,1633
3,1634
9,1635
6,1636
8,1637
10,1638
5,1639
2,1640
9,1641
6,1642
12,1643
3,1644
7,1645
5,1646
8,1647
1,1648
11,1649
4,1650
7,1651
9,1652
5,1653
2,1654
12,1655
6,1656
10,1657
11,1658
1,1659
8,1660
3,1661
7,1662
6,1663
10,1664
4,1665
11,1666
2,1667
12,1668
5,1669
8,1670
1,1671
9,1672
11,1673
3,1674
4,1675
10,1676
5,1677
9,1678
3,1679
8,1680
6,1681
7,1682
2,1683
12,1684
1,1685
8,1686
1,1687
12,1688
5,1689
7,1690
6,1691
9,1692
3,1693
11,1694
2,1695
10,1696
4,1697
12,1698
6,1699
10,1700
1,1701
8,1702
5,1703
9,1704
4,1705
7,1706
2,1707
11,1708
3,1709
10,1710
1,1711
11,1712
3,1713
2,1714
12,1715
8,1716
4,1717
7,1718
5,1719
6,1720
11,1721
12,1722
5,1723
7,1724
6,1725
9,1726
1,1727
8,1728
4,1729
10,1730
2,1731
10,1732
5,1733
7,1734
2,1735
12,1736
6,1737
1,1738
11,1739
8,1740
3,1741
9,1742
4,1743
12,1744
4,1745
10,1746
5,1747
8,1748
2,1749
9,1750
1,1751
7,1752
3,1753
11,1754
6,1755
9,1756
3,1757
10,1758
5,1759
7,1760
6,1761
12,1762
4,1763
8,1764
1,1765
11,1766
2,1767
11,1768
2,1769
12,1770
1,1771
9,1772
8,1773
6,1774
4,1775
7,1776
5,1777
10,1778
3,1779
12,1780
4,1781
9,1782
7,1783
3,1784
8,1785
1,1786
11,1787
6,1788
10,1789
2,1790
11,1791
4,1792
9,1793
5,1794
12,1795
2,1796
7,1797
10,1798
1,1799
8,1800
3,1801
4,1802
7,1803
5,1804
12,1805
9,1806
3,1807
1,1808
6,1809
8,1810
10,1811
2,1812
11,1813
4,1814
12,1815
3,1816
10,1817
5,1818
8,1819
2,1820
9,1821
1,1822
7,1823
6,1824
10,1825
6,1826
12,1827
5,1828
8,1829
3,1830
11,1831
2,1832
9,1833
7,1834
4,1835
1,1836
8,1837
5,1838
12,1839
3,1840
10,1841
1,1842
11,1843
2,1844
9,1845
7,1846
4,1847
12,1848
1,1849
10,1850
2,1851
7,1852
3,1853
11,1854
5,1855
9,1856
6,1857
8,1858
4,1859
11,1860
2,1861
9,1862
1,1863
12,1864
6,1865
7,1866
3,1867
8,1868
5,1869
10,1870
4,1871
9,1872
6,1873
10,1874
4,1875
8,1876
5,1877
7,1878
3,1879
12,1880
2,1881
11,1882
1,1883
9,1884
5,1885
12,1886
2,1887
8,1888
6,1889
3,1890
7,1891
10,1892
1,1893
11,1894
4,1895
11,1896
5,1897
9,1898
2,1899
10,1900
1,1901
8,1902
3,1903
12,1904
4,1905
7,1906
6,1907
9,1908
1,1909
7,1910
6,1911
8,1912
2,1913
11,1914
5,1915
10,1916
3,1917
12,1918
4,1919
9,1920
6,1921
7,1922
1,1923
12,1924
4,1925
8,1926
5,1927
3,1928
10,1929
2,1930
7,1931
2,1932
8,1933
3,1934
12,1935
6,1936
10,1937
4,1938
9,1939
5,1940
11,1941
1,1942
7,1943
6,1944
9,1945
5,1946
8,1947
2,1948
11,1949
1,1950
10,1951
4,1952
12,1953
3,1954
9,1955
6,1956
8,1957
1,1958
11,1959
3,1960
7,1961
4,1962
5,1963
10,1964
2,1965
11,1966
5,1967
9,1968
12,1969
4,1970
2,1971
10,1972
6,1973
7,1974
1,1975
8,1976
3,1977
8,1978
3,1979
10,1980
6,1981
12,1982
2,1983
7,1984
4,1985
9,1986
1,1987
11,1988
5,1989
9,1990
3,1991
11,1992
6,1993
7,1994
2,1995
10,1996
1,1997
8,1998
5,1999
12,2000
4,2001
9,2002
2,2003
12,2004
5,2005
11,2006
1,2007
3,2008
7,2009
4,2010
10,2011
6,2012
8,2013
2,2014
10,2015
4,2016
11,2017
1,2018
7,2019
3,2020
9,2021
6,2022
12,2023
5,2024
12,2025
3,2026
8,2027
5,2028
7,2029
6,2030
9,2031
4,2032
10,2033
1,2034
11,2035
2,2036
2,2037
10,2038
1,2039
9,2040
3,2041
7,2042
8,2043
5,2044
11,2045
6,2046
9,2047
2,2048
10,2049
5,2050
11,2051
3,2052
8,2053
1,2054
7,2055
6,2056
12,2057
4,2058
8,2059
1,2060
7,2061
4,2062
10,2063
2,2064
11,2065
6,2066
9,2067
5,2068
12,2069
3,2070
12,2071
4,2072
7,2073
6,2074
9,2075
11,2076
1,2077
3,2078
8,2079
5,2080
10,2081
2,2082
7,2083
2,2084
9,2085
6,2086
8,2087
3,2088
11,2089
1,2090
12,2091
4,2092
10,2093
7,2094
5,2095
1,2096
10,2097
3,2098
12,2099
6,2100
11,2101
4,2102
8,2103
2,2104
9,2105
5,2106
9,2107
4,2108
12,2109
2,2110
10,2111
6,2112
7,2113
3,2114
11,2115
5,2116
8,2117
1,2118
11,2119
6,2120
12,2121
5,2122
8,2123
4,2124
7,2125
1,2126
9,2127
3,2128
10,2129
2,2130
12,2131
4,2132
8,2133
6,2134
11,2135
5,2136
7,2137
2,2138
9,2139
3,2140
10,2141
7,2142
1,2143
4,2144
10,2145
2,2146
9,2147
1,2148
11,2149
6,2150
12,2151
3,2152
8,2153
5,2154
10,2155
5,2156
7,2157
6,2158
9,2159
2,2160
8,2161
4,2162
12,2163
3,2164
11,2165
1,2166
8,2167
6,2168
10,2169
4,2170
12,2171
5,2172
7,2173
3,2174
9,2175
2,2176
11,2177
1,2178
10,2179
2,2180
12,2181
5,2182
7,2183
3,2184
11,2185
6,2186
8,2187
1,2188
9,2189
4,2190
4,2191
9,2192
5,2193
1,2194
3,2195
12,2196
2,2197
7,2198
12,2199
6,2200
4,2201
9,2202
3,2203
11,2204
6,2205
8,2206
2,2207
10,2208
1,2209
7,2210
5,2211
10,2212
6,2213
8,2214
4,2215
11,2216
5,2217
12,2218
1,2219
7,2220
3,2221
9,2222
2,2223
7,2224
3,2225
8,2226
5,2227
11,2228
4,2229
6,2230
9,2231
10,2232
2,2233
12,2234
1,2235
11,2236
6,2237
12,2238
4,2239
8,2240
2,2241
7,2242
5,2243
10,2244
3,2245
9,2246
8,2247
1,2248
4,2249
9,2250
6,2251
10,2252
5,2253
7,2254
3,2255
11,2256
1,2257
12,2258
2,2259
9,2260
1,2261
4,2262
7,2263
5,2264
12,2265
6,2266
10,2267
2,2268
11,2269
3,2270
9,2271
1,2272
11,2273
5,2274
10,2275
2,2276
12,2277
6,2278
8,2279
3,2280
7,2281
4,2282
12,2283
6,2284
9,2285
2,2286
10,2287
5,2288
8,2289
1,2290
11,2291
4,2292
7,2293
3,2294
10,2295
2,2296
8,2297
1,2298
9,2299
4,2300
11,2301
5,2302
12,2303
3,2304
7,2305
6,2306
9,2307
4,2308
12,2309
10,2310
6,2311
8,2312
5,2313
11,2314
2,2315
7,2316
3,2317
12,2318
5,2319
9,2320
3,2321
8,2322
6,2323
11,2324
2,2325
7,2326
4,2327
10,2328
1,2329
7,2330
3,2331
11,2332
4,2333
12,2334
1,2335
8,2336
5,2337
9,2338
2,2339
10,2340
6,2341
12,2342
4,2343
9,2344
6,2345
10,2346
3,2347
7,2348
2,2349
8,2350
1,2351
11,2352
5,2353
10,2354
3,2355
12,2356
5,2357
9,2358
4,2359
7,2360
6,2361
2,2362
8,2363
1,2364
10,2365
4,2366
7,2367
5,2368
12,2369
3,2370
8,2371
2,2372
9,2373
1,2374
11,2375
6,2376
9,2377
5,2378
10,2379
3,2380
7,2381
1,2382
11,2383
2,2384
8,2385
6,2386
12,2387
6,2388
4,2389
12,2390
3,2391
7,2392
4,2393
11,2394
1,2395
9,2396
6,2397
8,2398
5,2399
10,2400
2,2401
7,2402
6,2403
7,2404
9,2405
5,2406
11,2407
1,2408
8,2409
3,2410
10,2411
2,2412
12,2413
4,2414
10,2415
6,2416
11,2417
9,2418
1,2419
12,2420
5,2421
7,2422
4,2423
8,2424
3,2425
6,2426
1,2427
10,2428
4,2429
7,2430
2,2431
9,2432
5,2433
8,2434
3,2435
8,2436
1,2437
11,2438
5,2439
7,2440
4,2441
9,2442
3,2443
10,2444
2,2445
12,2446
6,2447
10,2448
1,2449
12,2450
11,2451
7,2452
2,2453
8,2454
6,2455
9,2456
3,2457
8,2458
12,2459
5,2460
11,2461
1,2462
10,2463
9,2464
2,2465
7,2466
4,2467
11,2468
1,2469
8,2470
2,2471
7,2472
3,2473
9,2474
5,2475
10,2476
4,2477
12,2478
6,2479
9,2480
6,2481
8,2482
4,2483
11,2484
1,2485
10,2486
3,2487
7,2488
2,2489
12,2490
5,2491
10,2492
2,2493
11,2494
1,2495
9,2496
4,2497
7,2498
6,2499
12,2500
5,2501
8,2502
3,2503
4,2504
12,2505
5,2506
10,2507
2,2508
3,2509
8,2510
6,2511
1,2512
7,2513
8,2514
1,2515
10,2516
5,2517
11,2518
4,2519
12,2520
6,2521
9,2522
2,2523
12,2524
3,2525
10,2526
6,2527
9,2528
1,2529
8,2530
4,2531
7,2532
2,2533
11,2534
5,2535
9,2536
4,2537
6,2538
12,2539
7,2540
3,2541
10,2542
1,2543
11,2544
2,2545
8,2546
5,2547
8,2548
6,2549
10,2550
3,2551
9,2552
2,2553
12,2554
4,2555
7,2556
1,2557
11,2558
5,2559
10,2560
5,2561
7,2562
2,2563
9,2564
4,2565
8,2566
1,2567
11,2568
3,2569
12,2570
6,2571
12,2572
6,2573
11,2574
3,2575
9,2576
4,2577
8,2578
1,2579
10,2580
5,2581
7,2582
2,2583
11,2584
5,2585
10,2586
6,2587
9,2588
4,2589
12,2590
2,2591
7,2592
3,2593
8,2594
1,2595
10,2596
1,2597
11,2598
4,2599
8,2600
2,2601
7,2602
6,2603
9,2604
3,2605
12,2606
9,2607
5,2608
6,2609
11,2610
4,2611
7,2612
1,2613
10,2614
5,2615
8,2616
2,2617
12,2618
3,2619
9,2620
3,2621
12,2622
1,2623
10,2624
6,2625
11,2626
4,2627
7,2628
2,2629
8,2630
5,2631
9,2632
4,2633
8,2634
2,2635
10,2636
5,2637
12,2638
3,2639
11,2640
1,2641
7,2642
6,2643
12,2644
6,2645
8,2646
2,2647
11,2648
3,2649
9,2650
4,2651
10,2652
5,2653
7,2654
1,2655
12,2656
2,2657
9,2658
6,2659
8,2660
4,2661
7,2662
1,2663
11,2664
10,2665
5,2666
9,2667
5,2668
10,2669
2,2670
12,2671
3,2672
7,2673
1,2674
8,2675
6,2676
11,2677
4,2678
11,2679
5,2680
10,2681
4,2682
9,2683
1,2684
12,2685
3,2686
7,2687
6,2688
8,2689
2,2690
11,2691
2,2692
12,2693
1,2694
10,2695
6,2696
7,2697
5,2698
8,2699
3,2700
9,2701
4,2702
8,2703
3,2704
7,2705
1,2706
2,2707
10,2708
4,2709
12,2710
5,2711
9,2712
6,2713
11,2714
5,2715
10,2716
1,2717
9,2718
2,2719
8,2720
3,2721
7,2722
4,2723
12,2724
6,2725
9,2726
5,2727
12,2728
3,2729
8,2730
6,2731
11,2732
2,2733
10,2734
4,2735
7,2736
1,2737
11,2738
6,2739
12,2740
5,2741
2,2742
8,2743
3,2744
7,2745
4,2746
1,2747
8,2748
2,2749
7,2750
5,2751
11,2752
3,2753
9,2754
1,2755
10,2756
6,2757
12,2758
4,2759
10,2760
6,2761
8,2762
4,2763
9,2764
2,2765
12,2766
1,2767
7,2768
3,2769
11,2770
5,2771
7,2772
2,2773
11,2774
4,2775
9,2776
5,2777
12,2778
1,2779
8,2780
3,2781
10,2782
6,2783
9,2784
4,2785
7,2786
1,2787
8,2788
3,2789
11,2790
6,2791
10,2792
5,2793
12,2794
2,2795
10,2796
3,2797
7,2798
4,2799
9,2800
6,2801
12,2802
1,2803
11,2804
5,2805
8,2806
2,2807
12,2808
5,2809
10,2810
2,2811
11,2812
4,2813
8,2814
1,2815
9,2816
6,2817
7,2818
3,2819
10,2820
4,2821
9,2822
6,2823
8,2824
1,2825
11,2826
2,2827
12,2828
5,2829
7,2830
3,2831
8,2832
4,2833
10,2834
3,2835
11,2836
1,2837
9,2838
6,2839
12,2840
2,2841
7,2842
5,2843
7,2844
5,2845
10,2846
4,2847
9,2848
3,2849
12,2850
2,2851
8,2852
6,2853
11,2854
1,2855
3,2856
8,2857
6,2858
11,2859
4,2860
7,2861
5,2862
10,2863
1,2864
9,2865
2,2866
9,2867
1,2868
7,2869
4,2870
10,2871
3,2872
11,2873
6,2874
12,2875
2,2876
8,2877
5,2878
7,2879
5,2880
11,2881
1,2882
12,2883
6,2884
9,2885
4,2886
8,2887
2,2888
10,2889
3,2890
10,2891
3,2892
9,2893
5,2894
11,2895
1,2896
12,2897
6,2898
7,2899
2,2900
8,2901
4,2902
12,2903
6,2904
11,2905
4,2906
8,2907
2,2908
7,2909
10,2910
1,2911
3,2912
9,2913
5,2914
8,2915
5,2916
9,2917
1,2918
11,2919
4,2920
7,2921
6,2922
10,2923
3,2924
12,2925
2,2926
11,2927
4,2928
12,2929
1,2930
7,2931
5,2932
9,2933
2,2934
8,2935
6,2936
10,2937
3,2938
10,2939
2,2940
11,2941
4,2942
9,2943
3,2944
12,2945
5,2946
8,2947
1,2948
7,2949
6,2950
12,2951
4,2952
8,2953
3,2954
11,2955
2,2956
7,2957
1,2958
9,2959
5,2960
10,2961
6,2962
7,2963
6,2964
9,2965
2,2966
8,2967
5,2968
10,2969
3,2970
12,2971
4,2972
11,2973
1,2974
10,2975
1,2976
9,2977
3,2978
11,2979
2,2980
12,2981
5,2982
8,2983
6,2984
7,2985
4,2986
7,2987
5,2988
12,2989
6,2990
8,2991
1,2992
10,2993
2,2994
9,2995
3,2996
11,2997
4,2998
12,2999
5,3000
11,3001
4,3002
7,3003
2,3004
8,3005
1,3006
9,3007
6,3008
10,3009
3,3010
10,3011
11,3012
3,3013
9,3014
1,3015
8,3016
12,3017
6,3018
7,3019
5,3020
8,3021
1,3022
7,3023
5,3024
9,3025
2,3026
10,3027
4,3028
12,3029
6,3030
11,3031
3,3032
8,3033
5,3034
12,3035
4,3036
9,3037
6,3038
11,3039
2,3040
10,3041
1,3042
7,3043
3,3044
8,3045
6,3046
12,3047
4,3048
11,3049
2,3050
3,3051
7,3052
1,3053
9,3054
5,3055
9,3056
3,3057
10,3058
6,3059
12,3060
4,3061
11,3062
1,3063
7,3064
2,3065
8,3066
5,3067
12,3068
1,3069
10,3070
2,3071
11,3072
3,3073
7,3074
4,3075
8,3076
6,3077
9,3078
5,3079
10,3080
5,3081
12,3082
2,3083
8,3084
4,3085
11,3086
3,3087
9,3088
6,3089
7,3090
1,3091
7,3092
6,3093
9,3094
1,3095
12,3096
5,3097
8,3098
3,3099
2,3100
10,3101
4,3102
7,3103
5,3104
9,3105
1,3106
10,3107
4,3108
8,3109
2,3110
11,3111
3,3112
12,3113
6,3114
8,3115
3,3116
7,3117
6,3118
9,3119
1,3120
12,3121
2,3122
11,3123
4,3124
10,3125
5,3126
11,3127
2,3128
8,3129
9,3130
7,3131
3,3132
10,3133
1,3134
12,3135
4,3136
11,3137
1,3138
9,3139
3,3140
7,3141
5,3142
12,3143
2,3144
10,3145
4,3146
8,3147
6,3148
9,3149
5,3150
12,3151
2,3152
8,3153
3,3154
11,3155
6,3156
7,3157
4,3158
10,3159
1,3160
7,3161
5,3162
8,3163
2,3164
12,3165
1,3166
9,3167
6,3168
10,3169
3,3170
11,3171
7,3172
4,3173
1,3174
12,3175
5,3176
11,3177
4,3178
8,3179
2,3180
9,3181
6,3182
10,3183
3,3184
8,3185
5,3186
12,3187
3,3188
11,3189
4,3190
10,3191
1,3192
7,3193
6,3194
9,3195
2,3196
11,3197
1,3198
7,3199
5,3200
9,3201
2,3202
8,3203
3,3204
12,3205
6,3206
10,3207
4,3208
2,3209
8,3210
5,3211
10,3212
3,3213
9,3214
6,3215
11,3216
1,3217
7,3218
4,3219
7,3220
5,3221
9,3222
12,3223
3,3224
11,3225
8,3226
2,3227
10,3228
4,3229
8,3230
5,3231
10,3232
4,3233
9,3234
2,3235
7,3236
1,3237
11,3238
3,3239
12,3240
6,3241
11,3242
5,3243
1,3244
10,3245
7,3246
3,3247
4,3248
8,3249
9,3250
2,3251
6,3252
7,3253
3,3254
8,3255
1,3256
10,3257
5,3258
9,3259
4,3260
12,3261
2,3262
11,3263
6,3264
12,3265
6,3266
9,3267
2,3268
7,3269
1,3270
10,3271
11,3272
3,3273
8,3274
5,3275
11,3276
1,3277
12,3278
3,3279
8,3280
6,3281
7,3282
5,3283
9,3284
4,3285
10,3286
2,3287
7,3288
5,3289
11,3290
2,3291
8,3292
6,3293
9,3294
1,3295
12,3296
4,3297
10,3298
3,3299
9,3300
6,3301
12,3302
1,3303
11,3304
2,3305
7,3306
5,3307
8,3308
3,3309
10,3310
4,3311
1,3312
8,3313
6,3314
12,3315
4,3316
10,3317
5,3318
9,3319
2,3320
11,3321
3,3322
7,3323
2,3324
12,3325
4,3326
8,3327
3,3328
10,3329
5,3330
11,3331
6,3332
9,3333
1,3334
9,3335
8,3336
11,3337
6,3338
3,3339
12,3340
2,3341
7,3342
4,3343
10,3344
5,3345
10,3346
6,3347
9,3348
3,3349
12,3350
2,3351
7,3352
1,3353
8,3354
4,3355
11,3356
5,3357
9,3358
6,3359
7,3360
3,3361
11,3362
2,3363
4,3364
8,3365
10,3366
1,3367
10,3368
4,3369
7,3370
1,3371
12,3372
2,3373
9,3374
5,3375
8,3376
3,3377
11,3378
6,3379
3,3380
10,3381
7,3382
6,3383
4,3384
8,3385
2,3386
11,3387
5,3388
9,3389
1,3390
10,3391
4,3392
11,3393
1,3394
6,3395
8,3396
2,3397
7,3398
3,3399
9,3400
5,3401
12,3402
5,3403
8,3404
4,3405
9,3406
2,3407
11,3408
1,3409
10,3410
6,3411
7,3412
3,3413
7,3414
3,3415
10,3416
4,3417
12,3418
6,3419
9,3420
2,3421
11,3422
1,3423
8,3424
5,3425
9,3426
3,3427
10,3428
1,3429
7,3430
4,3431
8,3432
5,3433
11,3434
6,3435
12,3436
2,3437
12,3438
6,3439
11,3440
3,3441
10,3442
4,3443
9,3444
5,3445
8,3446
1,3447
7,3448
2,3449
10,3450
1,3451
12,3452
3,3453
9,3454
11,3455
2,3456
4,3457
8,3458
7,3459
5,3460
6,3461
8,3462
6,3463
9,3464
3,3465
10,3466
5,3467
12,3468
2,3469
7,3470
1,3471
11,3472
4,3473
8,3474
1,3475
9,3476
6,3477
12,3478
3,3479
7,3480
5,3481
10,3482
2,3483
4,3484
11,3485
5,3486
8,3487
3,3488
10,3489
2,3490
7,3491
4,3492
12,3493
1,3494
9,3495
6,3496
8,3497
5,3498
9,3499
4,3500
10,3501
3,3502
12,3503
11,3504
1,3505
2,3506
7,3507
6,3508
9,3509
5,3510
8,3511
1,3512
7,3513
3,3514
10,3515
2,3516
12,3517
6,3518
11,3519
4,3520
7,3521
1,3522
9,3523
4,3524
11,3525
5,3526
10,3527
2,3528
8,3529
6,3530
12,3531
3,3532
12,3533
11,3534
6,3535
2,3536
9,3537
5,3538
10,3539
4,3540
7,3541
1,3542
8,3543
3,3544
7,3545
2,3546
9,3547
3,3548
12,3549
4,3550
11,3551
1,3552
10,3553
6,3554
8,3555
5,3556
12,3557
3,3558
11,3559
6,3560
8,3561
1,3562
7,3563
4,3564
2,3565
10,3566
5,3567
9,3568
1,3569
11,3570
5,3571
10,3572
3,3573
7,3574
6,3575
12,3576
2,3577
8,3578
4,3579
12,3580
2,3581
8,3582
4,3583
11,3584
5,3585
10,3586
1,3587
7,3588
3,3589
9,3590
6,3591
3,3592
11,3593
4,3594
10,3595
9,3596
1,3597
8,3598
6,3599
7,3600
5,3601
11,3602
4,3603
12,3604
5,3605
7,3606
2,3607
10,3608
6,3609
9,3610
1,3611
8,3612
3,3613
10,3614
1,3615
7,3616
6,3617
4,3618
12,3619
2,3620
11,3621
5,3622
9,3623
3,3624
9,3625
6,3626
11,3627
1,3628
7,3629
5,3630
10,3631
3,3632
12,3633
4,3634
8,3635
2,3636
8,3637
2,3638
12,3639
3,3640
11,3641
4,3642
10,3643
1,3644
7,3645
9,3646
5,3647
10,3648
2,3649
8,3650
5,3651
9,3652
3,3653
12,3654
4,3655
7,3656
6,3657
11,3658
1,3659
2,3660
10,3661
5,3662
7,3663
3,3664
11,3665
1,3666
9,3667
6,3668
12,3669
4,3670
10,3671
6,3672
7,3673
5,3674
8,3675
4,3676
12,3677
2,3678
9,3679
3,3680
11,3681
1,3682
7,3683
1,3684
11,3685
2,3686
10,3687
6,3688
9,3689
3,3690
8,3691
4,3692
12,3693
5,3694
11,3695
6,3696
10,3697
4,3698
9,3699
5,3700
12,3701
2,3702
7,3703
1,3704
8,3705
3,3706
9,3707
6,3708
8,3709
3,3710
11,3711
1,3712
12,3713
4,3714
2,3715
7,3716
5,3717
12,3718
6,3719
10,3720
5,3721
8,3722
3,3723
11,3724
1,3725
9,3726
4,3727
7,3728
2,3729
11,3730
1,3731
7,3732
2,3733
8,3734
6,3735
9,3736
3,3737
10,3738
4,3739
12,3740
5,3741
9,3742
6,3743
7,3744
5,3745
11,3746
1,3747
8,3748
2,3749
10,3750
4,3751
12,3752
3,3753
12,3754
5,3755
7,3756
2,3757
11,3758
3,3759
10,3760
1,3761
9,3762
6,3763
8,3764
4,3765
8,3766
2,3767
10,3768
3,3769
6,3770
7,3771
4,3772
11,3773
1,3774
9,3775
5,3776
11,3777
2,3778
7,3779
3,3780
12,3781
6,3782
10,3783
1,3784
8,3785
4,3786
9,3787
5,3788
10,3789
1,3790
12,3791
5,3792
8,3793
3,3794
7,3795
2,3796
11,3797
6,3798
9,3799
4,3800
3,3801
1,3802
11,3803
4,3804
10,3805
6,3806
8,3807
2,3808
9,3809
5,3810
11,3811
3,3812
10,3813
2,3814
7,3815
4,3816
8,3817
5,3818
9,3819
1,3820
12,3821
6,3822
10,3823
1,3824
11,3825
4,3826
6,3827
12,3828
7,3829
2,3830
9,3831
5,3832
8,3833
3,3834
5,3835
8,3836
12,3837
2,3838
9,3839
1,3840
10,3841
6,3842
11,3843
3,3844
7,3845
4,3846
8,3847
10,3848
2,3849
9,3850
5,3851
11,3852
3,3853
12,3854
7,3855
1,3856
6,3857
12,3858
3,3859
8,3860
4,3861
9,3862
5,3863
7,3864
2,3865
10,3866
6,3867
11,3868
1,3869
12,3870
1,3871
10,3872
4,3873
9,3874
5,3875
7,3876
6,3877
8,3878
3,3879
11,3880
2,3881
7,3882
4,3883
12,3884
8,3885
3,3886
10,3887
2,3888
9,3889
11,3890
6,3891
5,3892
10,3893
4,3894
8,3895
1,3896
7,3897
6,3898
11,3899
3,3900
9,3901
5,3902
12,3903
2,3904
8,3905
1,3906
9,3907
4,3908
12,3909
6,3910
11,3911
2,3912
7,3913
5,3914
10,3915
3,3916
10,3917
2,3918
11,3919
7,3920
4,3921
8,3922
6,3923
9,3924
3,3925
12,3926
1,3927
7,3928
5,3929
12,3930
4,3931
11,3932
3,3933
10,3934
6,3935
9,3936
2,3937
8,3938
1,3939
11,3940
5,3941
2,3942
12,3943
6,3944
3,3945
10,3946
4,3947
7,3948
1,3949
7,3950
4,3951
11,3952
6,3953
9,3954
2,3955
12,3956
5,3957
8,3958
1,3959
10,3960
11,3961
3,3962
3,3963
8,3964
6,3965
12,3966
10,3967
7,3968
5,3969
9,3970
2,3971
9,3972
2,3973
7,3974
3,3975
10,3976
5,3977
12,3978
4,3979
8,3980
6,3981
11,3982
1,3983
10,3984
1,3985
8,3986
6,3987
9,3988
3,3989
7,3990
5,3991
11,3992
4,3993
12,3994
2,3995
12,3996
6,3997
8,3998
2,3999
7,4000
1,4001
11,4002
4,4003
9,4004
5,4005
10,4006
3,4007
12,4008
4,4009
9,4010
2,4011
11,4012
6,4013
7,4014
8,4015
3,4016
10,4017
1,4018
9,4019
4,4020
12,4021
5,4022
11,4023
2,4024
8,4025
6,4026
10,4027
1,4028
7,4029
3,4030
9,4031
2,4032
7,4033
4,4034
10,4035
12,4036
11,4037
6,4038
8,4039
5,4040
8,4041
4,4042
9,4043
1,4044
10,4045
6,4046
11,4047
2,4048
12,4049
5,4050
7,4051
3,4052
7,4053
5,4054
8,4055
6,4056
11,4057
2,4058
9,4059
3,4060
12,4061
4,4062
10,4063
1,4064
