Resultados Paciente P300S01_00,Resultados Paciente P300S01_01,Resultados Paciente P300S01_010,Resultados Paciente P300S01_0100,Resultados Paciente P300S01_0101,Resultados Paciente P300S01_0102,Resultados Paciente P300S01_0103,Resultados Paciente P300S01_0104,Resultados Paciente P300S01_0105,Resultados Paciente P300S01_0106,Resultados Paciente P300S01_0107,Resultados Paciente P300S01_0108,Resultados Paciente P300S01_0109,Resultados Paciente P300S01_011,Resultados Paciente P300S01_0110,Resultados Paciente P300S01_0111,Resultados Paciente P300S01_0112,Resultados Paciente P300S01_0113,Resultados Paciente P300S01_0114,Resultados Paciente P300S01_0115,Resultados Paciente P300S01_0116,Resultados Paciente P300S01_0117,Resultados Paciente P300S01_0118,Resultados Paciente P300S01_0119,Resultados Paciente P300S01_012,Resultados Paciente P300S01_0120,Resultados Paciente P300S01_0121,Resultados Paciente P300S01_0122,Resultados Paciente P300S01_0123,Resultados Paciente P300S01_0124,Resultados Paciente P300S01_0125,Resultados Paciente P300S01_0126,Resultados Paciente P300S01_0127,Resultados Paciente P300S01_0128,Resultados Paciente P300S01_0129,Resultados Paciente P300S01_013,Resultados Paciente P300S01_0130,Resultados Paciente P300S01_0131,Resultados Paciente P300S01_0132,Resultados Paciente P300S01_0133,Resultados Paciente P300S01_0134,Resultados Paciente P300S01_0135,Resultados Paciente P300S01_0136,Resultados Paciente P300S01_0137,Resultados Paciente P300S01_0138,Resultados Paciente P300S01_0139,Resultados Paciente P300S01_014,Resultados Paciente P300S01_0140,Resultados Paciente P300S01_0141,Resultados Paciente P300S01_0142,Resultados Paciente P300S01_0143,Resultados Paciente P300S01_0144,Resultados Paciente P300S01_0145,Resultados Paciente P300S01_0146,Resultados Paciente P300S01_0147,Resultados Paciente P300S01_0148,Resultados Paciente P300S01_0149,Resultados Paciente P300S01_015,Resultados Paciente P300S01_0150,Resultados Paciente P300S01_0151,Resultados Paciente P300S01_0152,Resultados Paciente P300S01_0153,Resultados Paciente P300S01_0154,Resultados Paciente P300S01_0155,Resultados Paciente P300S01_0156,Resultados Paciente P300S01_0157,Resultados Paciente P300S01_0158,Resultados Paciente P300S01_0159,Resultados Paciente P300S01_016,Resultados Paciente P300S01_0160,Resultados Paciente P300S01_0161,Resultados Paciente P300S01_0162,Resultados Paciente P300S01_0163,Resultados Paciente P300S01_0164,Resultados Paciente P300S01_0165,Resultados Paciente P300S01_0166,Resultados Paciente P300S01_0167,Resultados Paciente P300S01_0168,Resultados Paciente P300S01_0169,Resultados Paciente P300S01_017,Resultados Paciente P300S01_0170,Resultados Paciente P300S01_0171,Resultados Paciente P300S01_0172,Resultados Paciente P300S01_0173,Resultados Paciente P300S01_0174,Resultados Paciente P300S01_0175,Resultados Paciente P300S01_0176,Resultados Paciente P300S01_0177,Resultados Paciente P300S01_0178,Resultados Paciente P300S01_0179,Resultados Paciente P300S01_018,Resultados Paciente P300S01_0180,Resultados Paciente P300S01_0181,Resultados Paciente P300S01_0182,Resultados Paciente P300S01_0183,Resultados Paciente P300S01_0184,Resultados Paciente P300S01_0185,Resultados Paciente P300S01_0186,Resultados Paciente P300S01_0187,Resultados Paciente P300S01_0188,Resultados Paciente P300S01_0189,Resultados Paciente P300S01_019,Resultados Paciente P300S01_0190,Resultados Paciente P300S01_0191,Resultados Paciente P300S01_0192,Resultados Paciente P300S01_0193,Resultados Paciente P300S01_0194,Resultados Paciente P300S01_0195,Resultados Paciente P300S01_0196,Resultados Paciente P300S01_0197,Resultados Paciente P300S01_0198,Resultados Paciente P300S01_0199,Resultados Paciente P300S01_02,Resultados Paciente P300S01_020,Resultados Paciente P300S01_0200,Resultados Paciente P300S01_0201,Resultados Paciente P300S01_0202,Resultados Paciente P300S01_0203,Resultados Paciente P300S01_0204,Resultados Paciente P300S01_0205,Resultados Paciente P300S01_0206,Resultados Paciente P300S01_0207,Resultados Paciente P300S01_0208,Resultados Paciente P300S01_0209,Resultados Paciente P300S01_021,Resultados Paciente P300S01_0210,Resultados Paciente P300S01_0211,Resultados Paciente P300S01_0212,Resultados Paciente P300S01_0213,Resultados Paciente P300S01_0214,Resultados Paciente P300S01_0215,Resultados Paciente P300S01_0216,Resultados Paciente P300S01_0217,Resultados Paciente P300S01_0218,Resultados Paciente P300S01_0219,Resultados Paciente P300S01_022,Resultados Paciente P300S01_0220,Resultados Paciente P300S01_0221,Resultados Paciente P300S01_0222,Resultados Paciente P300S01_0223,Resultados Paciente P300S01_0224,Resultados Paciente P300S01_0225,Resultados Paciente P300S01_0226,Resultados Paciente P300S01_0227,Resultados Paciente P300S01_0228,Resultados Paciente P300S01_0229,Resultados Paciente P300S01_023,Resultados Paciente P300S01_0230,Resultados Paciente P300S01_0231,Resultados Paciente P300S01_0232,Resultados Paciente P300S01_0233,Resultados Paciente P300S01_0234,Resultados Paciente P300S01_0235,Resultados Paciente P300S01_0236,Resultados Paciente P300S01_0237,Resultados Paciente P300S01_0238,Resultados Paciente P300S01_0239,Resultados Paciente P300S01_024,Resultados Paciente P300S01_0240,Resultados Paciente P300S01_0241,Resultados Paciente P300S01_0242,Resultados Paciente P300S01_0243,Resultados Paciente P300S01_0244,Resultados Paciente P300S01_0245,Resultados Paciente P300S01_0246,Resultados Paciente P300S01_0247,Resultados Paciente P300S01_0248,Resultados Paciente P300S01_0249,Resultados Paciente P300S01_025,Resultados Paciente P300S01_0250,Resultados Paciente P300S01_0251,Resultados Paciente P300S01_0252,Resultados Paciente P300S01_0253,Resultados Paciente P300S01_0254,Resultados Paciente P300S01_0255,Resultados Paciente P300S01_026,Resultados Paciente P300S01_027,Resultados Paciente P300S01_028,Resultados Paciente P300S01_029,Resultados Paciente P300S01_03,Resultados Paciente P300S01_030,Resultados Paciente P300S01_031,Resultados Paciente P300S01_032,Resultados Paciente P300S01_033,Resultados Paciente P300S01_034,Resultados Paciente P300S01_035,Resultados Paciente P300S01_036,Resultados Paciente P300S01_037,Resultados Paciente P300S01_038,Resultados Paciente P300S01_039,Resultados Paciente P300S01_04,Resultados Paciente P300S01_040,Resultados Paciente P300S01_041,Resultados Paciente P300S01_042,Resultados Paciente P300S01_043,Resultados Paciente P300S01_044,Resultados Paciente P300S01_045,Resultados Paciente P300S01_046,Resultados Paciente P300S01_047,Resultados Paciente P300S01_048,Resultados Paciente P300S01_049,Resultados Paciente P300S01_05,Resultados Paciente P300S01_050,Resultados Paciente P300S01_051,Resultados Paciente P300S01_052,Resultados Paciente P300S01_053,Resultados Paciente P300S01_054,Resultados Paciente P300S01_055,Resultados Paciente P300S01_056,Resultados Paciente P300S01_057,Resultados Paciente P300S01_058,Resultados Paciente P300S01_059,Resultados Paciente P300S01_06,Resultados Paciente P300S01_060,Resultados Paciente P300S01_061,Resultados Paciente P300S01_062,Resultados Paciente P300S01_063,Resultados Paciente P300S01_064,Resultados Paciente P300S01_065,Resultados Paciente P300S01_066,Resultados Paciente P300S01_067,Resultados Paciente P300S01_068,Resultados Paciente P300S01_069,Resultados Paciente P300S01_07,Resultados Paciente P300S01_070,Resultados Paciente P300S01_071,Resultados Paciente P300S01_072,Resultados Paciente P300S01_073,Resultados Paciente P300S01_074,Resultados Paciente P300S01_075,Resultados Paciente P300S01_076,Resultados Paciente P300S01_077,Resultados Paciente P300S01_078,Resultados Paciente P300S01_079,Resultados Paciente P300S01_08,Resultados Paciente P300S01_080,Resultados Paciente P300S01_081,Resultados Paciente P300S01_082,Resultados Paciente P300S01_083,Resultados Paciente P300S01_084,Resultados Paciente P300S01_085,Resultados Paciente P300S01_086,Resultados Paciente P300S01_087,Resultados Paciente P300S01_088,Resultados Paciente P300S01_089,Resultados Paciente P300S01_09,Resultados Paciente P300S01_090,Resultados Paciente P300S01_091,Resultados Paciente P300S01_092,Resultados Paciente P300S01_093,Resultados Paciente P300S01_094,Resultados Paciente P300S01_095,Resultados Paciente P300S01_096,Resultados Paciente P300S01_097,Resultados Paciente P300S01_098,Resultados Paciente P300S01_099
1.0,2.0,11.0,101.0,102.0,103.0,104.0,105.0,106.0,107.0,108.0,109.0,110.0,12.0,111.0,112.0,113.0,114.0,115.0,116.0,117.0,118.0,119.0,120.0,13.0,121.0,122.0,123.0,124.0,125.0,126.0,127.0,128.0,129.0,130.0,14.0,131.0,132.0,133.0,134.0,135.0,136.0,137.0,138.0,139.0,140.0,15.0,141.0,142.0,143.0,144.0,145.0,146.0,147.0,148.0,149.0,150.0,16.0,151.0,152.0,153.0,154.0,155.0,156.0,157.0,158.0,159.0,160.0,17.0,161.0,162.0,163.0,164.0,165.0,166.0,167.0,168.0,169.0,170.0,18.0,171.0,172.0,173.0,174.0,175.0,176.0,177.0,178.0,179.0,180.0,19.0,181.0,182.0,183.0,184.0,185.0,186.0,187.0,188.0,189.0,190.0,20.0,191.0,192.0,193.0,194.0,195.0,196.0,197.0,198.0,199.0,200.0,3.0,21.0,201.0,202.0,203.0,204.0,205.0,206.0,207.0,208.0,209.0,210.0,22.0,211.0,212.0,213.0,214.0,215.0,216.0,217.0,218.0,219.0,220.0,23.0,221.0,222.0,223.0,224.0,225.0,226.0,227.0,228.0,229.0,230.0,24.0,231.0,232.0,233.0,234.0,235.0,236.0,237.0,238.0,239.0,240.0,25.0,241.0,242.0,243.0,244.0,245.0,246.0,247.0,248.0,249.0,250.0,26.0,251.0,252.0,253.0,254.0,255.0,256.0,27.0,28.0,29.0,30.0,4.0,31.0,32.0,33.0,34.0,35.0,36.0,37.0,38.0,39.0,40.0,5.0,41.0,42.0,43.0,44.0,45.0,46.0,47.0,48.0,49.0,50.0,6.0,51.0,52.0,53.0,54.0,55.0,56.0,57.0,58.0,59.0,60.0,7.0,61.0,62.0,63.0,64.0,65.0,66.0,67.0,68.0,69.0,70.0,8.0,71.0,72.0,73.0,74.0,75.0,76.0,77.0,78.0,79.0,80.0,9.0,81.0,82.0,83.0,84.0,85.0,86.0,87.0,88.0,89.0,90.0,10.0,91.0,92.0,93.0,94.0,95.0,96.0,97.0,98.0,99.0,100.0
1.0,2.0,11.0,101.0,102.0,103.0,104.0,105.0,106.0,107.0,108.0,109.0,110.0,12.0,111.0,112.0,113.0,114.0,115.0,116.0,117.0,118.0,119.0,120.0,13.0,121.0,122.0,123.0,124.0,125.0,126.0,127.0,128.0,129.0,130.0,14.0,131.0,132.0,133.0,134.0,135.0,136.0,137.0,138.0,139.0,140.0,15.0,141.0,142.0,143.0,144.0,145.0,146.0,147.0,148.0,149.0,150.0,16.0,151.0,152.0,153.0,154.0,155.0,156.0,157.0,158.0,159.0,160.0,17.0,161.0,162.0,163.0,164.0,165.0,166.0,167.0,168.0,169.0,170.0,18.0,171.0,172.0,173.0,174.0,175.0,176.0,177.0,178.0,179.0,180.0,19.0,181.0,182.0,183.0,184.0,185.0,186.0,187.0,188.0,189.0,190.0,20.0,191.0,192.0,193.0,194.0,195.0,196.0,197.0,198.0,199.0,200.0,3.0,21.0,201.0,202.0,203.0,204.0,205.0,206.0,207.0,208.0,209.0,210.0,22.0,211.0,212.0,213.0,214.0,215.0,216.0,217.0,218.0,219.0,220.0,23.0,221.0,222.0,223.0,224.0,225.0,226.0,227.0,228.0,229.0,230.0,24.0,231.0,232.0,233.0,234.0,235.0,236.0,237.0,238.0,239.0,240.0,25.0,241.0,242.0,243.0,244.0,245.0,246.0,247.0,248.0,249.0,250.0,26.0,251.0,252.0,253.0,254.0,255.0,256.0,27.0,28.0,29.0,30.0,4.0,31.0,32.0,33.0,34.0,35.0,36.0,37.0,38.0,39.0,40.0,5.0,41.0,42.0,43.0,44.0,45.0,46.0,47.0,48.0,49.0,50.0,6.0,51.0,52.0,53.0,54.0,55.0,56.0,57.0,58.0,59.0,60.0,7.0,61.0,62.0,63.0,64.0,65.0,66.0,67.0,68.0,69.0,70.0,8.0,71.0,72.0,73.0,74.0,75.0,76.0,77.0,78.0,79.0,80.0,9.0,81.0,82.0,83.0,84.0,85.0,86.0,87.0,88.0,89.0,90.0,10.0,91.0,92.0,93.0,94.0,95.0,96.0,97.0,98.0,99.0,100.0
0.8301415487094088,0.8301415487094088,0.8301415487094088,0.8448873483535528,0.8463541666666666,0.8485639686684073,0.8485639686684073,0.851528384279476,0.8537653239929948,0.8552631578947368,0.8558875219683656,0.861184792219275,0.8619469026548673,0.8301415487094088,0.8634751773049646,0.8650088809946714,0.8657777777777778,0.8665480427046264,0.8665480427046264,0.8673196794300979,0.8673196794300979,0.8680926916221033,0.8673196794300979,0.8696428571428572,0.8301415487094088,0.8688670829616414,0.8695263628239499,0.8695263628239499,0.8695263628239499,0.870304114490161,0.8695263628239499,0.8696428571428572,0.870304114490161,0.870304114490161,0.8696428571428572,0.8301415487094088,0.8695263628239499,0.870304114490161,0.8695263628239499,0.8695263628239499,0.8695263628239499,0.8688670829616414,0.8696428571428572,0.8673196794300979,0.8680926916221033,0.8673196794300979,0.8301415487094088,0.8673196794300979,0.8665480427046264,0.8665480427046264,0.8657777777777778,0.8650088809946714,0.8634751773049646,0.8619469026548673,0.861184792219275,0.8558875219683656,0.8552631578947368,0.8301415487094088,0.8537653239929948,0.851528384279476,0.8485639686684073,0.8485639686684073,0.8463541666666666,0.8448873483535528,0.8421052631578947,0.8416523235800344,0.8416523235800344,0.8417884780739467,0.8301415487094088,0.8417884780739467,0.8417884780739467,0.8414738646101114,0.8393162393162393,0.838599487617421,0.8373083475298126,0.8355932203389831,0.8354537743850721,0.8360101437024514,0.8354430379746836,0.8301415487094088,0.8347386172006745,0.8340353833192923,0.8343145500420521,0.8343145500420521,0.832913518052057,0.832913518052057,0.8322147651006712,0.8323554065381391,0.8323554065381391,0.8316582914572864,0.8301415487094088,0.8316582914572864,0.8316582914572864,0.8316582914572864,0.8315171835708298,0.8315171835708298,0.8317991631799163,0.8304093567251462,0.8304093567251462,0.8304093567251462,0.830550918196995,0.8301415487094088,0.830550918196995,0.830550918196995,0.830550918196995,0.8308333333333333,0.8301415487094088,0.8301415487094088,0.8302828618968386,0.8301415487094088,0.8301415487094088,0.8301415487094088,0.8301415487094088,0.8301415487094088,0.8301415487094088,0.8301415487094088,0.8301415487094088,0.8301415487094088,0.8302828618968386,0.8302828618968386,0.8302828618968386,0.8302828618968386,0.8302828618968386,0.8302828618968386,0.8302828618968386,0.8302828618968386,0.8302828618968386,0.8302828618968386,0.8302828618968386,0.8302828618968386,0.8302828618968386,0.8302828618968386,0.8302828618968386,0.8302828618968386,0.8302828618968386,0.8302828618968386,0.8302828618968386,0.8302828618968386,0.8302828618968386,0.8302828618968386,0.8302828618968386,0.8302828618968386,0.8302828618968386,0.8302828618968386,0.8302828618968386,0.8302828618968386,0.8302828618968386,0.8302828618968386,0.8302828618968386,0.8302828618968386,0.8302828618968386,0.8302828618968386,0.8301415487094088,0.8301415487094088,0.8301415487094088,0.8301415487094088,0.8301415487094088,0.8302828618968386,0.8301415487094088,0.8301415487094088,0.8301415487094088,0.8301415487094088,0.8301415487094088,0.8301415487094088,0.8301415487094088,0.8301415487094088,0.8301415487094088,0.8301415487094088,0.8302828618968386,0.8301415487094088,0.8301415487094088,0.8301415487094088,0.8301415487094088,0.8301415487094088,0.8301415487094088,0.8302828618968386,0.8302828618968386,0.8302828618968386,0.8302828618968386,0.8301415487094088,0.8302828618968386,0.8302828618968386,0.8302828618968386,0.8302828618968386,0.8302828618968386,0.8302828618968386,0.8302828618968386,0.8302828618968386,0.8302828618968386,0.8302828618968386,0.8301415487094088,0.8302828618968386,0.8302828618968386,0.8302828618968386,0.8302828618968386,0.8302828618968386,0.8302828618968386,0.8302828618968386,0.8302828618968386,0.8302828618968386,0.8302828618968386,0.8301415487094088,0.8302828618968386,0.8302828618968386,0.8301415487094088,0.8301415487094088,0.8301415487094088,0.8301415487094088,0.8301415487094088,0.8301415487094088,0.8301415487094088,0.8302828618968386,0.8301415487094088,0.8301415487094088,0.8301415487094088,0.8308333333333333,0.830550918196995,0.830550918196995,0.830550918196995,0.830550918196995,0.8304093567251462,0.8304093567251462,0.8304093567251462,0.8301415487094088,0.8317991631799163,0.8315171835708298,0.8315171835708298,0.8316582914572864,0.8316582914572864,0.8316582914572864,0.8316582914572864,0.8323554065381391,0.8323554065381391,0.8322147651006712,0.8301415487094088,0.832913518052057,0.832913518052057,0.8343145500420521,0.8343145500420521,0.8340353833192923,0.8347386172006745,0.8354430379746836,0.8360101437024514,0.8354537743850721,0.8355932203389831,0.8301415487094088,0.8373083475298126,0.838599487617421,0.8393162393162393,0.8414738646101114,0.8417884780739467,0.8417884780739467,0.8417884780739467,0.8416523235800344,0.8416523235800344,0.8421052631578947
0.997,0.997,0.997,0.975,0.975,0.975,0.975,0.975,0.975,0.975,0.974,0.974,0.974,0.997,0.974,0.974,0.974,0.974,0.974,0.974,0.974,0.974,0.974,0.974,0.997,0.974,0.973,0.973,0.973,0.973,0.973,0.974,0.973,0.973,0.974,0.997,0.973,0.973,0.973,0.973,0.973,0.974,0.974,0.974,0.974,0.974,0.997,0.974,0.974,0.974,0.974,0.974,0.974,0.974,0.974,0.974,0.975,0.997,0.975,0.975,0.975,0.975,0.975,0.975,0.976,0.978,0.978,0.979,0.997,0.979,0.979,0.982,0.982,0.982,0.983,0.986,0.985,0.989,0.99,0.997,0.99,0.99,0.992,0.992,0.992,0.992,0.992,0.993,0.993,0.993,0.997,0.993,0.993,0.993,0.992,0.992,0.994,0.994,0.994,0.994,0.995,0.997,0.995,0.995,0.995,0.997,0.997,0.997,0.998,0.997,0.997,0.997,0.997,0.997,0.997,0.997,0.997,0.997,0.998,0.998,0.998,0.998,0.998,0.998,0.998,0.998,0.998,0.998,0.998,0.998,0.998,0.998,0.998,0.998,0.998,0.998,0.998,0.998,0.998,0.998,0.998,0.998,0.998,0.998,0.998,0.998,0.998,0.998,0.998,0.998,0.998,0.998,0.997,0.997,0.997,0.997,0.997,0.998,0.997,0.997,0.997,0.997,0.997,0.997,0.997,0.997,0.997,0.997,0.998,0.997,0.997,0.997,0.997,0.997,0.997,0.998,0.998,0.998,0.998,0.997,0.998,0.998,0.998,0.998,0.998,0.998,0.998,0.998,0.998,0.998,0.997,0.998,0.998,0.998,0.998,0.998,0.998,0.998,0.998,0.998,0.998,0.997,0.998,0.998,0.997,0.997,0.997,0.997,0.997,0.997,0.997,0.998,0.997,0.997,0.997,0.997,0.995,0.995,0.995,0.995,0.994,0.994,0.994,0.997,0.994,0.992,0.992,0.993,0.993,0.993,0.993,0.993,0.993,0.992,0.997,0.992,0.992,0.992,0.992,0.99,0.99,0.99,0.989,0.985,0.986,0.997,0.983,0.982,0.982,0.982,0.979,0.979,0.979,0.978,0.978,0.976
0.9059518400726942,0.9059518400726942,0.9059518400726942,0.9052924791086352,0.9061338289962826,0.9073987901349464,0.9073987901349464,0.9090909090909092,0.9103641456582632,0.911214953271028,0.9111318989710008,0.9141248240262788,0.9145539906103288,0.9059518400726942,0.9154135338345866,0.916274694261524,0.9167058823529411,0.9171374764595104,0.9171374764595104,0.9175694771549692,0.9175694771549692,0.9180018850141376,0.9175694771549692,0.918867924528302,0.9059518400726942,0.9184347006129184,0.9183577159037282,0.9183577159037282,0.9183577159037282,0.918791312559018,0.9183577159037282,0.918867924528302,0.918791312559018,0.918791312559018,0.918867924528302,0.9059518400726942,0.9183577159037282,0.918791312559018,0.9183577159037282,0.9183577159037282,0.9183577159037282,0.9184347006129184,0.918867924528302,0.9175694771549692,0.9180018850141376,0.9175694771549692,0.9059518400726942,0.9175694771549692,0.9171374764595104,0.9171374764595104,0.9167058823529411,0.916274694261524,0.9154135338345866,0.9145539906103288,0.9141248240262788,0.9111318989710008,0.911214953271028,0.9059518400726942,0.9103641456582632,0.9090909090909092,0.9073987901349464,0.9073987901349464,0.9061338289962826,0.9052924791086352,0.904122278832793,0.9047178538390378,0.9047178538390378,0.9052242256125752,0.9059518400726942,0.9052242256125752,0.9052242256125752,0.9063221042916476,0.9050691244239631,0.9046522339935512,0.904323827046918,0.9045871559633027,0.9040844424047728,0.9060925332111772,0.9061784897025172,0.9059518400726942,0.9057639524245196,0.9053497942386832,0.9063499314755596,0.9063499314755596,0.9055225924235508,0.9055225924235508,0.9051094890510948,0.9056087551299588,0.9056087551299588,0.9051959890610756,0.9059518400726942,0.9051959890610756,0.9051959890610756,0.9051959890610756,0.9046967624259006,0.9046967624259006,0.9056947608200456,0.9048702776513428,0.9048702776513428,0.9048702776513428,0.905368516833485,0.9059518400726942,0.905368516833485,0.905368516833485,0.905368516833485,0.9063636363636364,0.9059518400726942,0.9059518400726942,0.9064486830154406,0.9059518400726942,0.9059518400726942,0.9059518400726942,0.9059518400726942,0.9059518400726942,0.9059518400726942,0.9059518400726942,0.9059518400726942,0.9059518400726942,0.9064486830154406,0.9064486830154406,0.9064486830154406,0.9064486830154406,0.9064486830154406,0.9064486830154406,0.9064486830154406,0.9064486830154406,0.9064486830154406,0.9064486830154406,0.9064486830154406,0.9064486830154406,0.9064486830154406,0.9064486830154406,0.9064486830154406,0.9064486830154406,0.9064486830154406,0.9064486830154406,0.9064486830154406,0.9064486830154406,0.9064486830154406,0.9064486830154406,0.9064486830154406,0.9064486830154406,0.9064486830154406,0.9064486830154406,0.9064486830154406,0.9064486830154406,0.9064486830154406,0.9064486830154406,0.9064486830154406,0.9064486830154406,0.9064486830154406,0.9064486830154406,0.9059518400726942,0.9059518400726942,0.9059518400726942,0.9059518400726942,0.9059518400726942,0.9064486830154406,0.9059518400726942,0.9059518400726942,0.9059518400726942,0.9059518400726942,0.9059518400726942,0.9059518400726942,0.9059518400726942,0.9059518400726942,0.9059518400726942,0.9059518400726942,0.9064486830154406,0.9059518400726942,0.9059518400726942,0.9059518400726942,0.9059518400726942,0.9059518400726942,0.9059518400726942,0.9064486830154406,0.9064486830154406,0.9064486830154406,0.9064486830154406,0.9059518400726942,0.9064486830154406,0.9064486830154406,0.9064486830154406,0.9064486830154406,0.9064486830154406,0.9064486830154406,0.9064486830154406,0.9064486830154406,0.9064486830154406,0.9064486830154406,0.9059518400726942,0.9064486830154406,0.9064486830154406,0.9064486830154406,0.9064486830154406,0.9064486830154406,0.9064486830154406,0.9064486830154406,0.9064486830154406,0.9064486830154406,0.9064486830154406,0.9059518400726942,0.9064486830154406,0.9064486830154406,0.9059518400726942,0.9059518400726942,0.9059518400726942,0.9059518400726942,0.9059518400726942,0.9059518400726942,0.9059518400726942,0.9064486830154406,0.9059518400726942,0.9059518400726942,0.9059518400726942,0.9063636363636364,0.905368516833485,0.905368516833485,0.905368516833485,0.905368516833485,0.9048702776513428,0.9048702776513428,0.9048702776513428,0.9059518400726942,0.9056947608200456,0.9046967624259006,0.9046967624259006,0.9051959890610756,0.9051959890610756,0.9051959890610756,0.9051959890610756,0.9056087551299588,0.9056087551299588,0.9051094890510948,0.9059518400726942,0.9055225924235508,0.9055225924235508,0.9063499314755596,0.9063499314755596,0.9053497942386832,0.9057639524245196,0.9061784897025172,0.9060925332111772,0.9040844424047728,0.9045871559633027,0.9059518400726942,0.904323827046918,0.9046522339935512,0.9050691244239631,0.9063221042916476,0.9052242256125752,0.9052242256125752,0.9052242256125752,0.9047178538390378,0.9047178538390378,0.904122278832793
1000.0,1000.0,1000.0,1000.0,1000.0,1000.0,1000.0,1000.0,1000.0,1000.0,1000.0,1000.0,1000.0,1000.0,1000.0,1000.0,1000.0,1000.0,1000.0,1000.0,1000.0,1000.0,1000.0,1000.0,1000.0,1000.0,1000.0,1000.0,1000.0,1000.0,1000.0,1000.0,1000.0,1000.0,1000.0,1000.0,1000.0,1000.0,1000.0,1000.0,1000.0,1000.0,1000.0,1000.0,1000.0,1000.0,1000.0,1000.0,1000.0,1000.0,1000.0,1000.0,1000.0,1000.0,1000.0,1000.0,1000.0,1000.0,1000.0,1000.0,1000.0,1000.0,1000.0,1000.0,1000.0,1000.0,1000.0,1000.0,1000.0,1000.0,1000.0,1000.0,1000.0,1000.0,1000.0,1000.0,1000.0,1000.0,1000.0,1000.0,1000.0,1000.0,1000.0,1000.0,1000.0,1000.0,1000.0,1000.0,1000.0,1000.0,1000.0,1000.0,1000.0,1000.0,1000.0,1000.0,1000.0,1000.0,1000.0,1000.0,1000.0,1000.0,1000.0,1000.0,1000.0,1000.0,1000.0,1000.0,1000.0,1000.0,1000.0,1000.0,1000.0,1000.0,1000.0,1000.0,1000.0,1000.0,1000.0,1000.0,1000.0,1000.0,1000.0,1000.0,1000.0,1000.0,1000.0,1000.0,1000.0,1000.0,1000.0,1000.0,1000.0,1000.0,1000.0,1000.0,1000.0,1000.0,1000.0,1000.0,1000.0,1000.0,1000.0,1000.0,1000.0,1000.0,1000.0,1000.0,1000.0,1000.0,1000.0,1000.0,1000.0,1000.0,1000.0,1000.0,1000.0,1000.0,1000.0,1000.0,1000.0,1000.0,1000.0,1000.0,1000.0,1000.0,1000.0,1000.0,1000.0,1000.0,1000.0,1000.0,1000.0,1000.0,1000.0,1000.0,1000.0,1000.0,1000.0,1000.0,1000.0,1000.0,1000.0,1000.0,1000.0,1000.0,1000.0,1000.0,1000.0,1000.0,1000.0,1000.0,1000.0,1000.0,1000.0,1000.0,1000.0,1000.0,1000.0,1000.0,1000.0,1000.0,1000.0,1000.0,1000.0,1000.0,1000.0,1000.0,1000.0,1000.0,1000.0,1000.0,1000.0,1000.0,1000.0,1000.0,1000.0,1000.0,1000.0,1000.0,1000.0,1000.0,1000.0,1000.0,1000.0,1000.0,1000.0,1000.0,1000.0,1000.0,1000.0,1000.0,1000.0,1000.0,1000.0,1000.0,1000.0,1000.0,1000.0,1000.0,1000.0,1000.0,1000.0,1000.0,1000.0,1000.0,1000.0,1000.0,1000.0,1000.0,1000.0,1000.0,1000.0,1000.0,1000.0,1000.0
0.0,0.0,0.0,0.5,0.5192307692307693,0.5454545454545454,0.5454545454545454,0.576271186440678,0.5967741935483871,0.609375,0.6060606060606061,0.6438356164383562,0.6486486486486487,0.0,0.6578947368421053,0.6666666666666666,0.6708860759493671,0.675,0.675,0.6790123456790124,0.6790123456790124,0.6829268292682927,0.6790123456790124,0.6904761904761905,0.0,0.6867469879518072,0.6823529411764706,0.6823529411764706,0.6823529411764706,0.686046511627907,0.6823529411764706,0.6904761904761905,0.686046511627907,0.686046511627907,0.6904761904761905,0.0,0.6823529411764706,0.686046511627907,0.6823529411764706,0.6823529411764706,0.6823529411764706,0.6867469879518072,0.6904761904761905,0.6790123456790124,0.6829268292682927,0.6790123456790124,0.0,0.6790123456790124,0.675,0.675,0.6708860759493671,0.6666666666666666,0.6578947368421053,0.6486486486486487,0.6438356164383562,0.6060606060606061,0.609375,0.0,0.5967741935483871,0.576271186440678,0.5454545454545454,0.5454545454545454,0.5192307692307693,0.5,0.4666666666666667,0.4761904761904761,0.4761904761904761,0.4878048780487805,0.0,0.4878048780487805,0.4878048780487805,0.5135135135135135,0.4705882352941176,0.4545454545454545,0.4333333333333333,0.4166666666666667,0.4,0.4761904761904761,0.4736842105263157,0.0,0.4444444444444444,0.4117647058823529,0.4666666666666667,0.4666666666666667,0.3846153846153846,0.3846153846153846,0.3333333333333333,0.3636363636363636,0.3636363636363636,0.3,0.0,0.3,0.3,0.3,0.2727272727272727,0.2727272727272727,0.3333333333333333,0.1428571428571428,0.1428571428571428,0.1428571428571428,0.1666666666666666,0.0,0.1666666666666666,0.1666666666666666,0.1666666666666666,0.25,0.0,0.0,0.0,0.0,0.0,0.0,0.0,0.0,0.0,0.0,0.0,0.0,0.0,0.0,0.0,0.0,0.0,0.0,0.0,0.0,0.0,0.0,0.0,0.0,0.0,0.0,0.0,0.0,0.0,0.0,0.0,0.0,0.0,0.0,0.0,0.0,0.0,0.0,0.0,0.0,0.0,0.0,0.0,0.0,0.0,0.0,0.0,0.0,0.0,0.0,0.0,0.0,0.0,0.0,0.0,0.0,0.0,0.0,0.0,0.0,0.0,0.0,0.0,0.0,0.0,0.0,0.0,0.0,0.0,0.0,0.0,0.0,0.0,0.0,0.0,0.0,0.0,0.0,0.0,0.0,0.0,0.0,0.0,0.0,0.0,0.0,0.0,0.0,0.0,0.0,0.0,0.0,0.0,0.0,0.0,0.0,0.0,0.0,0.0,0.0,0.0,0.0,0.0,0.0,0.0,0.0,0.0,0.0,0.0,0.25,0.1666666666666666,0.1666666666666666,0.1666666666666666,0.1666666666666666,0.1428571428571428,0.1428571428571428,0.1428571428571428,0.0,0.3333333333333333,0.2727272727272727,0.2727272727272727,0.3,0.3,0.3,0.3,0.3636363636363636,0.3636363636363636,0.3333333333333333,0.0,0.3846153846153846,0.3846153846153846,0.4666666666666667,0.4666666666666667,0.4117647058823529,0.4444444444444444,0.4736842105263157,0.4761904761904761,0.4,0.4166666666666667,0.0,0.4333333333333333,0.4545454545454545,0.4705882352941176,0.5135135135135135,0.4878048780487805,0.4878048780487805,0.4878048780487805,0.4761904761904761,0.4761904761904761,0.4666666666666667
0.0,0.0,0.0,0.1225490196078431,0.1323529411764706,0.1470588235294117,0.1470588235294117,0.1666666666666666,0.1813725490196078,0.1911764705882352,0.196078431372549,0.230392156862745,0.2352941176470588,0.0,0.2450980392156862,0.2549019607843137,0.2598039215686274,0.2647058823529412,0.2647058823529412,0.2696078431372549,0.2696078431372549,0.2745098039215686,0.2696078431372549,0.284313725490196,0.0,0.2794117647058823,0.284313725490196,0.284313725490196,0.284313725490196,0.2892156862745098,0.284313725490196,0.284313725490196,0.2892156862745098,0.2892156862745098,0.284313725490196,0.0,0.284313725490196,0.2892156862745098,0.284313725490196,0.284313725490196,0.284313725490196,0.2794117647058823,0.284313725490196,0.2696078431372549,0.2745098039215686,0.2696078431372549,0.0,0.2696078431372549,0.2647058823529412,0.2647058823529412,0.2598039215686274,0.2549019607843137,0.2450980392156862,0.2352941176470588,0.230392156862745,0.196078431372549,0.1911764705882352,0.0,0.1813725490196078,0.1666666666666666,0.1470588235294117,0.1470588235294117,0.1323529411764706,0.1225490196078431,0.1029411764705882,0.0980392156862745,0.0980392156862745,0.0980392156862745,0.0,0.0980392156862745,0.0980392156862745,0.0931372549019607,0.0784313725490196,0.0735294117647058,0.0637254901960784,0.0490196078431372,0.0490196078431372,0.0490196078431372,0.0441176470588235,0.0,0.0392156862745098,0.034313725490196,0.034313725490196,0.034313725490196,0.0245098039215686,0.0245098039215686,0.0196078431372549,0.0196078431372549,0.0196078431372549,0.0147058823529411,0.0,0.0147058823529411,0.0147058823529411,0.0147058823529411,0.0147058823529411,0.0147058823529411,0.0147058823529411,0.0049019607843137,0.0049019607843137,0.0049019607843137,0.0049019607843137,0.0,0.0049019607843137,0.0049019607843137,0.0049019607843137,0.0049019607843137,0.0,0.0,0.0,0.0,0.0,0.0,0.0,0.0,0.0,0.0,0.0,0.0,0.0,0.0,0.0,0.0,0.0,0.0,0.0,0.0,0.0,0.0,0.0,0.0,0.0,0.0,0.0,0.0,0.0,0.0,0.0,0.0,0.0,0.0,0.0,0.0,0.0,0.0,0.0,0.0,0.0,0.0,0.0,0.0,0.0,0.0,0.0,0.0,0.0,0.0,0.0,0.0,0.0,0.0,0.0,0.0,0.0,0.0,0.0,0.0,0.0,0.0,0.0,0.0,0.0,0.0,0.0,0.0,0.0,0.0,0.0,0.0,0.0,0.0,0.0,0.0,0.0,0.0,0.0,0.0,0.0,0.0,0.0,0.0,0.0,0.0,0.0,0.0,0.0,0.0,0.0,0.0,0.0,0.0,0.0,0.0,0.0,0.0,0.0,0.0,0.0,0.0,0.0,0.0,0.0,0.0,0.0,0.0,0.0,0.0049019607843137,0.0049019607843137,0.0049019607843137,0.0049019607843137,0.0049019607843137,0.0049019607843137,0.0049019607843137,0.0049019607843137,0.0,0.0147058823529411,0.0147058823529411,0.0147058823529411,0.0147058823529411,0.0147058823529411,0.0147058823529411,0.0147058823529411,0.0196078431372549,0.0196078431372549,0.0196078431372549,0.0,0.0245098039215686,0.0245098039215686,0.034313725490196,0.034313725490196,0.034313725490196,0.0392156862745098,0.0441176470588235,0.0490196078431372,0.0490196078431372,0.0490196078431372,0.0,0.0637254901960784,0.0735294117647058,0.0784313725490196,0.0931372549019607,0.0980392156862745,0.0980392156862745,0.0980392156862745,0.0980392156862745,0.0980392156862745,0.1029411764705882
0.0,0.0,0.0,0.1968503937007873,0.2109375,0.2316602316602316,0.2316602316602316,0.2585551330798479,0.2781954887218045,0.2910447761194029,0.2962962962962963,0.3393501805054151,0.3453237410071942,0.0,0.3571428571428571,0.3687943262411347,0.3745583038869258,0.380281690140845,0.380281690140845,0.3859649122807017,0.3859649122807017,0.3916083916083916,0.3859649122807017,0.4027777777777778,0.0,0.397212543554007,0.4013840830449827,0.4013840830449827,0.4013840830449827,0.4068965517241379,0.4013840830449827,0.4027777777777778,0.4068965517241379,0.4068965517241379,0.4027777777777778,0.0,0.4013840830449827,0.4068965517241379,0.4013840830449827,0.4013840830449827,0.4013840830449827,0.397212543554007,0.4027777777777778,0.3859649122807017,0.3916083916083916,0.3859649122807017,0.0,0.3859649122807017,0.380281690140845,0.380281690140845,0.3745583038869258,0.3687943262411347,0.3571428571428571,0.3453237410071942,0.3393501805054151,0.2962962962962963,0.2910447761194029,0.0,0.2781954887218045,0.2585551330798479,0.2316602316602316,0.2316602316602316,0.2109375,0.1968503937007873,0.1686746987951807,0.1626016260162601,0.1626016260162601,0.1632653061224489,0.0,0.1632653061224489,0.1632653061224489,0.1576763485477178,0.134453781512605,0.1265822784810126,0.1111111111111111,0.087719298245614,0.0873362445414847,0.0888888888888888,0.0807174887892376,0.0,0.072072072072072,0.0633484162895927,0.0639269406392694,0.0639269406392694,0.0460829493087557,0.0460829493087557,0.037037037037037,0.0372093023255813,0.0372093023255813,0.02803738317757,0.0,0.02803738317757,0.02803738317757,0.02803738317757,0.027906976744186,0.027906976744186,0.028169014084507,0.0094786729857819,0.0094786729857819,0.0094786729857819,0.0095238095238095,0.0,0.0095238095238095,0.0095238095238095,0.0095238095238095,0.0096153846153846,0.0,0.0,0.0,0.0,0.0,0.0,0.0,0.0,0.0,0.0,0.0,0.0,0.0,0.0,0.0,0.0,0.0,0.0,0.0,0.0,0.0,0.0,0.0,0.0,0.0,0.0,0.0,0.0,0.0,0.0,0.0,0.0,0.0,0.0,0.0,0.0,0.0,0.0,0.0,0.0,0.0,0.0,0.0,0.0,0.0,0.0,0.0,0.0,0.0,0.0,0.0,0.0,0.0,0.0,0.0,0.0,0.0,0.0,0.0,0.0,0.0,0.0,0.0,0.0,0.0,0.0,0.0,0.0,0.0,0.0,0.0,0.0,0.0,0.0,0.0,0.0,0.0,0.0,0.0,0.0,0.0,0.0,0.0,0.0,0.0,0.0,0.0,0.0,0.0,0.0,0.0,0.0,0.0,0.0,0.0,0.0,0.0,0.0,0.0,0.0,0.0,0.0,0.0,0.0,0.0,0.0,0.0,0.0,0.0,0.0096153846153846,0.0095238095238095,0.0095238095238095,0.0095238095238095,0.0095238095238095,0.0094786729857819,0.0094786729857819,0.0094786729857819,0.0,0.028169014084507,0.027906976744186,0.027906976744186,0.02803738317757,0.02803738317757,0.02803738317757,0.02803738317757,0.0372093023255813,0.0372093023255813,0.037037037037037,0.0,0.0460829493087557,0.0460829493087557,0.0639269406392694,0.0639269406392694,0.0633484162895927,0.072072072072072,0.0807174887892376,0.0888888888888888,0.0873362445414847,0.087719298245614,0.0,0.1111111111111111,0.1265822784810126,0.134453781512605,0.1576763485477178,0.1632653061224489,0.1632653061224489,0.1632653061224489,0.1626016260162601,0.1626016260162601,0.1686746987951807
204.0,204.0,204.0,204.0,204.0,204.0,204.0,204.0,204.0,204.0,204.0,204.0,204.0,204.0,204.0,204.0,204.0,204.0,204.0,204.0,204.0,204.0,204.0,204.0,204.0,204.0,204.0,204.0,204.0,204.0,204.0,204.0,204.0,204.0,204.0,204.0,204.0,204.0,204.0,204.0,204.0,204.0,204.0,204.0,204.0,204.0,204.0,204.0,204.0,204.0,204.0,204.0,204.0,204.0,204.0,204.0,204.0,204.0,204.0,204.0,204.0,204.0,204.0,204.0,204.0,204.0,204.0,204.0,204.0,204.0,204.0,204.0,204.0,204.0,204.0,204.0,204.0,204.0,204.0,204.0,204.0,204.0,204.0,204.0,204.0,204.0,204.0,204.0,204.0,204.0,204.0,204.0,204.0,204.0,204.0,204.0,204.0,204.0,204.0,204.0,204.0,204.0,204.0,204.0,204.0,204.0,204.0,204.0,204.0,204.0,204.0,204.0,204.0,204.0,204.0,204.0,204.0,204.0,204.0,204.0,204.0,204.0,204.0,204.0,204.0,204.0,204.0,204.0,204.0,204.0,204.0,204.0,204.0,204.0,204.0,204.0,204.0,204.0,204.0,204.0,204.0,204.0,204.0,204.0,204.0,204.0,204.0,204.0,204.0,204.0,204.0,204.0,204.0,204.0,204.0,204.0,204.0,204.0,204.0,204.0,204.0,204.0,204.0,204.0,204.0,204.0,204.0,204.0,204.0,204.0,204.0,204.0,204.0,204.0,204.0,204.0,204.0,204.0,204.0,204.0,204.0,204.0,204.0,204.0,204.0,204.0,204.0,204.0,204.0,204.0,204.0,204.0,204.0,204.0,204.0,204.0,204.0,204.0,204.0,204.0,204.0,204.0,204.0,204.0,204.0,204.0,204.0,204.0,204.0,204.0,204.0,204.0,204.0,204.0,204.0,204.0,204.0,204.0,204.0,204.0,204.0,204.0,204.0,204.0,204.0,204.0,204.0,204.0,204.0,204.0,204.0,204.0,204.0,204.0,204.0,204.0,204.0,204.0,204.0,204.0,204.0,204.0,204.0,204.0,204.0,204.0,204.0,204.0,204.0,204.0,204.0,204.0,204.0,204.0,204.0,204.0
